sample	clean	noisy	win1	win2	win3
-1023	-0.003143310546875	-0.0401868600780618	0	0	0
-1022	-0.004241943359375	0.00194714459629755	0.00613588464915602	0	0
-1021	-0.005462646484375	-0.030762291697356	0.0122715382857193	0	0
-1020	-0.006683349609375	0.041606643968942	0.0184067299058042	0	0
-1019	-0.00787353515625	0.0147678443345366	0.0245412285229122	0	0
-1018	-0.009124755859375	0.0254882984050656	0.0306748031766369	0	0
-1017	-0.00921630859375	0.00899464882015036	0.0368072229413589	0	0
-1016	-0.00848388671875	-0.0426431868913575	0.0429382569349409	0	0
-1015	-0.008575439453125	-0.0298671063371306	0.0490676743274178	0	0
-1014	-0.0089111328125	-0.013584436069906	0.0551952443496899	0	0
-1013	-0.00848388671875	-0.0267201198776449	0.0613207363022087	0	0
-1012	-0.00799560546875	-0.0326426345109992	0.0674439195636641	0	0
-1011	-0.00762939453125	-0.00644471469985976	0.0735645635996673	0	0
-1010	-0.00714111328125	-0.011654183394859	0.07968243797143	0	0
-1009	-0.0067138671875	-0.00061635477142559	0.08579731234444	0	0
-1008	-0.0067138671875	0.0312960970181698	0.0919089564971328	0	0
-1007	-0.00665283203125	0.00116363535259388	0.0980171403295606	0	0
-1006	-0.006561279296875	0.00528894064128832	0.104121633872055	0	0
-1005	-0.00482177734375	0.00981118368162165	0.110222207293883	0	0
-1004	-0.0001220703125	0.0146654549129118	0.116318630911905	0	0
-1003	0.00506591796875	0.0213388598742895	0.122410675199216	0	0
-1002	0.0084228515625	0.0253041294330915	0.128498110793793	0	0
-1001	0.011871337890625	-0.000211922456380876	0.134580708507126	0	0
-1000	0.018310546875	0.0264750191387069	0.140658239332849	0	0
-999	0.023223876953125	0.011466280857282	0.146730474455362	0	0
-998	0.024658203125	-0.00601324220521713	0.152797185258443	0	0
-997	0.025146484375	-0.018968739034349	0.158858143333861	0	0
-996	0.02490234375	0.0286813778488673	0.16491312048997	0	0
-995	0.0216064453125	0.0247329581606659	0.170961888760301	0	0
-994	0.015716552734375	0.0177124320918772	0.177004220412149	0	0
-993	0.011077880859375	0.0134590929987295	0.183039887955141	0	0
-992	0.006591796875	0.0194152996935177	0.189068664149806	0	0
-991	0.001312255859375	-0.0288267715689956	0.195090322016128	0	0
-990	-0.00469970703125	-0.00120640359711759	0.201104634842092	0	0
-989	-0.008575439453125	-0.0160171564828535	0.207111376192219	0	0
-988	-0.01025390625	-0.0228040937140663	0.213110319916091	0	0
-987	-0.01080322265625	-0.0132481262523807	0.21910124015687	0	0
-986	-0.011016845703125	0.004390464805449	0.225083911359793	0	0
-985	-0.010528564453125	-0.00858532984631256	0.231058108280671	0	0
-984	-0.009002685546875	-0.0174769111854562	0.237023605994367	0	0
-983	-0.008056640625	-0.017754764267062	0.242980179903264	0	0
-982	-0.007080078125	-0.0189727331892247	0.24892760574572	0	0
-981	-0.005615234375	0.0323769045897427	0.254865659604515	0	0
-980	-0.0045166015625	-0.0188363801548573	0.260794117915276	0	0
-979	-0.003753662109375	0.00578026298545358	0.266712757474898	0	0
-978	-0.00274658203125	-0.0332063867389501	0.272621355449949	0	0
-977	-0.000640869140625	-0.00176443848773327	0.278519689385053	0	0
-976	0.0013427734375	-0.00268859113294285	0.284407537211272	0	0
-975	0.003662109375	0.00308154215364226	0.290284677254462	0	0
-974	0.005615234375	0.00536070960269621	0.296150888243624	0	0
-973	0.0064697265625	0.00250164914730203	0.302005949319228	0	0
-972	0.008087158203125	-0.00810159108127628	0.307849640041535	0	0
-971	0.009735107421875	-0.016220188484396	0.313681740398891	0	0
-970	0.009307861328125	0.017954814096596	0.319502030816016	0	0
-969	0.00762939453125	0.0133176338748061	0.325310292162263	0	0
-968	0.007049560546875	0.0196916897707764	0.331106305759876	0	0
-967	0.005035400390625	0.000171971551791906	0.33688985339222	0	0
-966	0.00250244140625	0.00849723092237159	0.342660717311994	0	0
-965	0.000823974609375	-0.0253699118215622	0.348418680249435	0	0
-964	-0.000213623046875	-0.00135455495867541	0.35416352542049	0	0
-963	-0.00115966796875	0.00866807482399925	0.359895036534988	0	0
-962	-0.001434326171875	0.00549386220880755	0.365612997804774	0	0
-961	-0.00115966796875	-0.00200084524692687	0.371317193951837	0	0
-960	-0.00115966796875	0.0170978097929151	0.377007410216418	0	0
-959	-0.00048828125	-0.0134417180117677	0.38268343236509	0	0
-958	0.00067138671875	0.0263274634407946	0.388345046698826	0	0
-957	0.000579833984375	0.00107626367245944	0.393992040061048	0	0
-956	-0.001190185546875	-0.0330647270003118	0.399624199845647	0	0
-955	-0.0030517578125	0.0154716360730466	0.40524131400499	0	0
-954	-0.004913330078125	-0.0081626764498171	0.410843171057904	0	0
-953	-0.00701904296875	0.000561600081684811	0.416429560097637	0	0
-952	-0.0093994140625	-0.0622055999282051	0.4220002707998	0	0
-951	-0.010711669921875	-0.00409733879651689	0.427555093430282	0	0
-950	-0.01092529296875	-0.0306161954564549	0.433093818853152	0	0
-949	-0.0111083984375	0.00732894744682095	0.438616238538528	0	0
-948	-0.011260986328125	0.00736161526046063	0.444122144570429	0	0
-947	-0.010040283203125	-0.0589314113629473	0.449611329654607	0	0
-946	-0.0084228515625	-0.0404054659371364	0.455083587126344	0	0
-945	-0.007232666015625	-0.0212672700928039	0.46053871095824	0	0
-944	-0.006378173828125	-0.00200468611281136	0.465976495767966	0	0
-943	-0.005706787109375	0.0172487898741718	0.471396736825998	0	0
-942	-0.00579833984375	0.000398368292541158	0.476799230063322	0	0
-941	-0.00653076171875	0.0114021349923524	0.482183772079123	0	0
-940	-0.007659912109375	0.0274573828308152	0.487550160148436	0	0
-939	-0.008880615234375	-0.0071061812439657	0.492898192229784	0	0
-938	-0.009796142578125	0.00126792913025785	0.498227666972782	0	0
-937	-0.011474609375	0.0339013805419202	0.503538383725717	0	0
-936	-0.013427734375	0.0270466256427278	0.508830142543107	0	0
-935	-0.01263427734375	0.00328858754840699	0.514102744193222	0	0
-934	-0.0076904296875	0.01692685096545	0.51935599016559	0	0
-933	-0.00079345703125	-0.0196594740679785	0.524589682678469	0	0
-932	0.005615234375	0.00830434801527601	0.529803624686295	0	0
-931	0.013336181640625	-0.0213755016549332	0.534997619887097	0	0
-930	0.0216064453125	0.00676302491937197	0.540171472729893	0	0
-929	0.02886962890625	0.0365035168257778	0.545324988422046	0	0
-928	0.033203125	0.0303920821351741	0.550457972936605	0	0
-927	0.03570556640625	0.0419212556380506	0.555570233019602	0	0
-926	0.036102294921875	0.0161702351387605	0.560661576197336	0	0
-925	0.03216552734375	0.0342364322146545	0.565731810783613	0	0
-924	0.024261474609375	0.0258976619290161	0.570780745886967	0	0
-923	0.01544189453125	0.0182060302166127	0.575808191417845	0	0
-922	0.007659912109375	-0.0174221591722628	0.580813958095765	0	0
-921	-0.0003662109375	-0.0320464986373958	0.585797857456439	0	0
-920	-0.008331298828125	0.0109816757893995	0.590759701858874	0	0
-919	-0.0145263671875	0.0141093360873408	0.595699304492433	0	0
-918	-0.017578125	-0.0106471593045348	0.600616479383869	0	0
-917	-0.01910400390625	0.0178273077764657	0.605511041404326	0	0
-916	-0.018829345703125	0.0152307256729765	0.610382806276309	0	0
-915	-0.0166015625	-0.024051784506959	0.615231590580627	0	0
-914	-0.013031005859375	-0.0288182639532508	0.620057211763289	0	0
-913	-0.010223388671875	0.0178061691261344	0.624859488142386	0	0
-912	-0.008331298828125	0.0170504690255657	0.629638238914927	0	0
-911	-0.006683349609375	-0.0414968648428515	0.634393284163645	0	0
-910	-0.004852294921875	0.0393460693004397	0.639124444863776	0	0
-909	-0.003753662109375	-0.0236673596937558	0.643831542889791	0	0
-908	-0.0032958984375	0.0408032438867311	0.648514401022112	0	0
-907	-0.002960205078125	-0.0035827316260398	0.653172842953777	0	0
-906	-0.002410888671875	0.0139192128830679	0.657806693297079	0	0
-905	-0.001007080078125	0.0134083636421957	0.662415777590172	0	0
-904	0.001007080078125	0.00357578728467432	0.666999922303637	0	0
-903	0.0045166015625	-0.00282180841353265	0.671558954847018	0	0
-902	0.009918212890625	0.00256819391623596	0.676092703575316	0	0
-901	0.014251708984375	0.0302104673702203	0.680600997795453	0	0
-900	0.0152587890625	-0.00853449014848078	0.6850836677727	0	0
-899	0.015655517578125	0.0324331931560741	0.689540544737067	0	0
-898	0.0172119140625	0.00893177200158428	0.693971460889654	0	0
-897	0.016632080078125	-0.00718195522066957	0.698376249408973	0	0
-896	0.013031005859375	0.0162036167087683	0.702754744457225	0	0
-895	0.00860595703125	0.0247320798064211	0.707106781186547	0	0
-894	0.00457763671875	-0.003288329770505	0.711432195745216	0	0
-893	-0.000518798828125	-0.00809848235867501	0.715730825283819	0	0
-892	-0.005218505859375	-0.0123198088207942	0.720002507961382	0	0
-891	-0.00830078125	-0.010194199371396	0.724247082951467	0	0
-890	-0.0087890625	-0.0141214395576088	0.728464390448225	0	0
-889	-0.009002685546875	-0.0122542724130764	0.732654271672413	0	0
-888	-0.010101318359375	-0.000574508049007598	0.73681656887737	0	0
-887	-0.01068115234375	-0.0276746678077529	0.740951125354959	0	0
-886	-0.0081787109375	0.00103881056144572	0.745057785441466	0	0
-885	-0.0052490234375	-0.0485738619636012	0.749136394523459	0	0
-884	-0.004150390625	0.00701195353568418	0.753186799043612	0	0
-883	-0.004058837890625	-0.0309145035283031	0.757208846506485	0	0
-882	-0.003692626953125	0.0313520695497472	0.761202385484262	0	0
-881	-0.003875732421875	0.0302561748368482	0.765167265622459	0	0
-880	-0.00421142578125	0.0196515268795017	0.76910333764558	0	0
-879	-0.003662109375	0.0494207669909961	0.773010453362737	0	0
-878	-0.002349853515625	0.0288697629848778	0.776888465673232	0	0
-877	-0.00103759765625	-0.00544671295629644	0.780737228572094	0	0
-876	-0.00030517578125	-0.0207308893826986	0.784556597155575	0	0
-875	0.0001220703125	0.0398949424549902	0.788346427626606	0	0
-874	0.002044677734375	-0.0397610776091053	0.792106577300212	0	0
-873	0.004150390625	-0.0425683543762544	0.795836904608884	0	0
-872	0.004913330078125	0.0343956866135226	0.799537269107905	0	0
-871	0.003326416015625	0.0216718857688735	0.803207531480645	0	0
-870	0.001495361328125	-0.0160343111784521	0.806847553543799	0	0
-869	-0.001007080078125	0.0218259752273728	0.810457198252595	0	0
-868	-0.004364013671875	0.00873776187518032	0.814036329705948	0	0
-867	-0.008209228515625	-0.00954758864232495	0.817584813151584	0	0
-866	-0.011505126953125	-0.0198381781479636	0.821102514991105	0	0
-865	-0.014129638671875	0.00684152603058285	0.824589302785025	0	0
-864	-0.0174560546875	0.0155202042985635	0.828045045257756	0	0
-863	-0.02056884765625	-0.0156246343462235	0.831469612302545	0	0
-862	-0.021575927734375	-0.0260835987930675	0.83486287498638	0	0
-861	-0.02069091796875	0.0121220880203402	0.838224705554838	0	0
-860	-0.01983642578125	-0.0116972618193854	0.841554977436898	0	0
-859	-0.017486572265625	-0.0315900951871756	0.844853565249707	0	0
-858	-0.010650634765625	-0.0230059811975913	0.848120344803297	0	0
-857	-0.0009765625	-0.00650835137877113	0.851355193105265	0	0
-856	0.006591796875	0.0245228793282175	0.854557988365401	0	0
-855	0.01422119140625	0.0670136874324364	0.857728610000272	0	0
-854	0.023651123046875	0.042867113955399	0.860866938637767	0	0
-853	0.0323486328125	0.0256868920020428	0.863972856121587	0	0
-852	0.035980224609375	0.028410197515685	0.867046245515693	0	0
-851	0.03765869140625	0.0571553724471619	0.870086991108711	0	0
-850	0.037872314453125	0.0137015999519281	0.87309497841829	0	0
-849	0.03472900390625	0.0667793702835866	0.876070094195406	0	0
-848	0.027008056640625	0.0132737131210527	0.879012226428633	0	0
-847	0.01849365234375	0.0264993776979767	0.881921264348355	0	0
-846	0.010406494140625	-0.00132188766525428	0.884797098430938	0	0
-845	0.002532958984375	-0.00763558471687903	0.887639620402854	0	0
-844	-0.005615234375	-0.00280321183024271	0.890448723244758	0	0
-843	-0.0126953125	0.00617210594072859	0.893224301195515	0	0
-842	-0.016937255859375	-0.0507512270693335	0.895966249756185	0	0
-841	-0.018402099609375	-0.0236332031978034	0.898674465693954	0	0
-840	-0.01947021484375	-0.0329003981576625	0.901348847046022	0	0
-839	-0.01934814453125	-0.00642391242418319	0.903989293123443	0	0
-838	-0.017059326171875	-0.00486486547410305	0.906595704514915	0	0
-837	-0.014404296875	-0.0116713846601376	0.909167983090522	0	0
-836	-0.013275146484375	-0.0191888386165761	0.91170603200543	0	0
-835	-0.011932373046875	0.0129045183834938	0.914209755703531	0	0
-834	-0.0096435546875	0.00491760359565659	0.916679059921043	0	0
-833	-0.008148193359375	-0.0417936894345999	0.919113851690058	0	0
-832	-0.006683349609375	-0.0052616372141604	0.921514039342042	0	0
-831	-0.005218505859375	-0.0301107477731971	0.923879532511287	0	0
-830	-0.00341796875	-0.0247353099363767	0.926210242138311	0	0
-829	-0.0008544921875	0.0122539672935684	0.928506080473215	0	0
-828	0.002777099609375	0.012972615341011	0.930766961078984	0	0
-827	0.005645751953125	0.0293886232865602	0.932992798834739	0	0
-826	0.00909423828125	0.0114983061942787	0.935183509938948	0	0
-825	0.014251708984375	0.0509668630517354	0.937339011912575	0	0
-824	0.01971435546875	0.0369926486711185	0.93945922360219	0	0
-823	0.02191162109375	0.0273439892613807	0.941544065183021	0	0
-822	0.02154541015625	-0.00364845211236502	0.94359345816196	0	0
-821	0.020477294921875	-0.0135572536006019	0.945607325380521	0	0
-820	0.019775390625	0.0163164932111216	0.947585591017741	0	0
-819	0.015533447265625	0.0248762939327574	0.949528180593037	0	0
-818	0.00909423828125	0.00463690075716619	0.951435020969008	0	0
-817	0.00347900390625	8.56154544610918e-05	0.953306040354194	0	0
-816	-0.00042724609375	-0.0305606881665493	0.955141168305771	0	0
-815	-0.00689697265625	-0.0358455843324739	0.956940335732209	0	0
-814	-0.011810302734375	-0.0340836015404898	0.958703474895871	0	0
-813	-0.013641357421875	-0.00378311147075585	0.960430519415566	0	0
-812	-0.0135498046875	-0.0195837624111971	0.962121404269042	0	0
-811	-0.014617919921875	-0.00766162951970277	0.96377606579544	0	0
-810	-0.014434814453125	-0.0102373237875255	0.965394441697689	0	0
-809	-0.01251220703125	-0.0334358533639102	0.966976471044852	0	0
-808	-0.009185791015625	-0.0053592182394723	0.968522094274417	0	0
-807	-0.006683349609375	0.0259955642666833	0.970031253194544	0	0
-806	-0.00567626953125	-0.0214413232063452	0.971503890986252	0	0
-805	-0.0050048828125	-0.0234824824106498	0.97293995220556	0	0
-804	-0.003021240234375	-0.00632421566761759	0.974339382785576	0	0
-803	-0.0018310546875	0.00247417361819753	0.975702130038529	0	0
-802	-0.001983642578125	-0.0371739891920691	0.977028142657754	0	0
-801	-0.00128173828125	-0.00141568798522575	0.978317370719628	0	0
-800	0.0010986328125	-0.00779918904812248	0.979569765685441	0	0
-799	0.00250244140625	0.0219658448858802	0.98078528040323	0	0
-798	0.002105712890625	0.0403434944756958	0.981963869109555	0	0
-797	0.002593994140625	0.00547739286372197	0.983105487431216	0	0
-796	0.004180908203125	-0.0152425595685434	0.984210092386929	0	0
-795	0.004119873046875	-0.00905152195643636	0.985277642388941	0	0
-794	0.001800537109375	0.00761722088110076	0.986308097244599	0	0
-793	-0.001007080078125	-0.0465105003811218	0.987301418157858	0	0
-792	-0.0040283203125	-0.0163283921563707	0.988257567730749	0	0
-791	-0.008270263671875	-0.00434043925220732	0.989176509964781	0	0
-790	-0.013702392578125	-0.0310831919655687	0.990058210262297	0	0
-789	-0.01806640625	-0.0120778641021067	0.99090263542778	0	0
-788	-0.020843505859375	-0.0158036014865005	0.9917097536691	0	0
-787	-0.022674560546875	-0.0279765327982394	0.99247953459871	0	0
-786	-0.024078369140625	-0.0555078109574085	0.993211949234795	0	0
-785	-0.024658203125	-0.0242907870976844	0.993906970002356	0	0
-784	-0.020843505859375	-0.0486912681048237	0.994564570734255	0	0
-783	-0.010772705078125	-0.00328790065643409	0.995184726672197	0	0
-782	0.001068115234375	0.0167561870250164	0.99576741446766	0	0
-781	0.00927734375	0.0236928971533546	0.996312612182778	0	0
-780	0.01806640625	-0.00706542932994636	0.996820299291166	0	0
-779	0.02984619140625	0.00330397892373923	0.99729045667869	0	0
-778	0.037994384765625	0.0502653571128455	0.997723066644192	0	0
-777	0.040496826171875	0.0418944431448921	0.998118112900149	0	0
-776	0.040985107421875	0.0571406927672952	0.998475580573295	0	0
-775	0.0404052734375	0.0816005431977914	0.998795456205172	0	0
-774	0.0333251953125	0.0544910575901936	0.999077727752645	0	0
-773	0.02197265625	0.023586731812314	0.99932238458835	0	0
-772	0.011566162109375	-0.00100701747619628	0.999529417501093	0	0
-771	0.004119873046875	0.00869521847544777	0.999698818696204	0	0
-770	-0.00396728515625	-0.0102722134940256	0.999830581795823	0	0
-769	-0.0128173828125	-0.00971942984466665	0.999924701839145	0	0
-768	-0.018768310546875	-0.040436100880947	0.999981175282601	0	0
-767	-0.0201416015625	-0.0311233933246153	1	0	0
-766	-0.019927978515625	-0.0315652238125613	0.999981175282601	0.00613588464915602	0
-765	-0.019866943359375	-0.0045826833844005	0.999924701839145	0.0122715382857193	0
-764	-0.01702880859375	0.000896670411939669	0.999830581795823	0.0184067299058042	0
-763	-0.01300048828125	-0.0272657447505811	0.999698818696204	0.0245412285229122	0
-762	-0.010955810546875	-0.0301272957673069	0.999529417501093	0.0306748031766369	0
-761	-0.010650634765625	0.0220438126339623	0.99932238458835	0.0368072229413589	0
-760	-0.009368896484375	-0.023702100605243	0.999077727752645	0.0429382569349409	0
-759	-0.007476806640625	0.0158036867172996	0.998795456205172	0.0490676743274178	0
-758	-0.005950927734375	0.00556942321394765	0.998475580573295	0.0551952443496899	0
-757	-0.005523681640625	0.00644688202488007	0.998118112900149	0.0613207363022087	0
-756	-0.0050048828125	0.0317065713437206	0.997723066644192	0.0674439195636641	0
-755	-0.003387451171875	-0.00489176572342796	0.99729045667869	0.0735645635996673	0
-754	0.00048828125	0.0235096068551717	0.996820299291166	0.07968243797143	0
-753	0.00396728515625	0.00598698542447153	0.996312612182778	0.08579731234444	0
-752	0.007568359375	0.00816741484724663	0.99576741446766	0.0919089564971328	0
-751	0.0115966796875	0.00777960205621355	0.995184726672197	0.0980171403295606	0
-750	0.015869140625	0.0321513828015393	0.994564570734255	0.104121633872055	0
-749	0.017333984375	0.0276119465598116	0.993906970002356	0.110222207293883	0
-748	0.0181884765625	0.0339521350219777	0.993211949234795	0.116318630911905	0
-747	0.020050048828125	0.0198127308477458	0.99247953459871	0.122410675199216	0
-746	0.0216064453125	0.0139414697000383	0.9917097536691	0.128498110793793	0
-745	0.01873779296875	0.0388395481537134	0.99090263542778	0.134580708507126	0
-744	0.0130615234375	0.00390170271238877	0.990058210262297	0.140658239332849	0
-743	0.008209228515625	0.0249722365544588	0.989176509964781	0.146730474455362	0
-742	0.004608154296875	0.00309858457766447	0.988257567730749	0.152797185258443	0
-741	-0.001007080078125	0.0401960495631599	0.987301418157858	0.158858143333861	0
-740	-0.00762939453125	-0.0133682928672194	0.986308097244599	0.16491312048997	0
-739	-0.011688232421875	-0.00900719539651619	0.985277642388941	0.170961888760301	0
-738	-0.01422119140625	0.0157685985978292	0.984210092386929	0.177004220412149	0
-737	-0.0179443359375	-0.0103042994828013	0.983105487431216	0.183039887955141	0
-736	-0.019775390625	-0.0124757786272841	0.981963869109555	0.189068664149806	0
-735	-0.017578125	0.0109213825618561	0.98078528040323	0.195090322016128	0
-734	-0.014190673828125	-0.0281255085878697	0.979569765685441	0.201104634842092	0
-733	-0.011199951171875	0.00270762504019882	0.978317370719628	0.207111376192219	0
-732	-0.007720947265625	-0.00751446444185627	0.977028142657754	0.213110319916091	0
-731	-0.00439453125	0.0109645485223052	0.975702130038529	0.21910124015687	0
-730	-0.00018310546875	0.00175012715874034	0.974339382785576	0.225083911359793	0
-729	0.0040283203125	-0.0278936539775276	0.97293995220556	0.231058108280671	0
-728	0.005706787109375	0.0092892764384782	0.971503890986252	0.237023605994367	0
-727	0.0059814453125	0.0180561349468986	0.970031253194544	0.242980179903264	0
-726	0.007049560546875	0.0195393078811032	0.968522094274417	0.24892760574572	0
-725	0.0072021484375	-0.0245735694880354	0.966976471044852	0.254865659604515	0
-724	0.0048828125	0.0555222040226235	0.965394441697689	0.260794117915276	0
-723	0.003509521484375	0.016257642863364	0.96377606579544	0.266712757474898	0
-722	0.0035400390625	-0.00455660603626609	0.962121404269042	0.272621355449949	0
-721	0.00311279296875	0.0268615579722411	0.960430519415566	0.278519689385053	0
-720	0.000885009765625	-0.0182586521777394	0.958703474895871	0.284407537211272	0
-719	-0.0006103515625	0.0251342800202251	0.956940335732209	0.290284677254462	0
-718	-0.00140380859375	-0.00191271568754243	0.955141168305771	0.296150888243624	0
-717	-0.00244140625	-0.0167341674996293	0.953306040354194	0.302005949319228	0
-716	-0.00531005859375	0.034357612891715	0.951435020969008	0.307849640041535	0
-715	-0.0087890625	0.00765773640254477	0.949528180593037	0.313681740398891	0
-714	-0.012054443359375	0.00324549640098369	0.947585591017741	0.319502030816016	0
-713	-0.0155029296875	-0.0190586104480666	0.945607325380521	0.325310292162263	0
-712	-0.0198974609375	-0.00147319073240738	0.94359345816196	0.331106305759876	0
-711	-0.022979736328125	-0.049242208004164	0.941544065183021	0.33688985339222	0
-710	-0.02508544921875	-0.0296930631556388	0.93945922360219	0.342660717311994	0
-709	-0.02618408203125	0.0241466532609838	0.937339011912575	0.348418680249435	0
-708	-0.026824951171875	0.00119712980210437	0.935183509938948	0.35416352542049	0
-707	-0.025543212890625	-0.0161782628385489	0.932992798834739	0.359895036534988	0
-706	-0.019805908203125	-0.00915924475081139	0.930766961078984	0.365612997804774	0
-705	-0.007293701171875	0.0265901557180275	0.928506080473215	0.371317193951837	0
-704	0.00714111328125	0.000187686395595993	0.926210242138311	0.377007410216418	0
-703	0.0172119140625	0.0275907401635223	0.923879532511287	0.38268343236509	0
-702	0.027587890625	0.0252686128429054	0.921514039342042	0.388345046698826	0
-701	0.039947509765625	0.0289036933850761	0.919113851690058	0.393992040061048	0
-700	0.048675537109375	0.0739407799998101	0.916679059921043	0.399624199845647	0
-699	0.05078125	0.0765476641376441	0.914209755703531	0.40524131400499	0
-698	0.050811767578125	0.0180512945314198	0.91170603200543	0.410843171057904	0
-697	0.046783447265625	0.0402014932189229	0.909167983090522	0.416429560097637	0
-696	0.03558349609375	0.0929087677640126	0.906595704514915	0.4220002707998	0
-695	0.021575927734375	-0.0190981495650237	0.903989293123443	0.427555093430282	0
-694	0.0093994140625	0.0105198468550667	0.901348847046022	0.433093818853152	0
-693	-0.001953125	-0.0231858468681556	0.898674465693954	0.438616238538528	0
-692	-0.0125732421875	-0.00751598761358326	0.895966249756185	0.444122144570429	0
-691	-0.02178955078125	-0.0113614949662545	0.893224301195515	0.449611329654607	0
-690	-0.028839111328125	-0.0179868167458257	0.890448723244758	0.455083587126344	0
-689	-0.031768798828125	-0.0558172422722338	0.887639620402854	0.46053871095824	0
-688	-0.029815673828125	-0.0245115467283124	0.884797098430938	0.465976495767966	0
-687	-0.026275634765625	-0.00145373124090844	0.881921264348355	0.471396736825998	0
-686	-0.0223388671875	-0.0187507955935414	0.879012226428633	0.476799230063322	0
-685	-0.017974853515625	-0.0136253251313373	0.876070094195406	0.482183772079123	0
-684	-0.014007568359375	-0.0284766876456192	0.87309497841829	0.487550160148436	0
-683	-0.011077880859375	-0.03901114594444	0.870086991108711	0.492898192229784	0
-682	-0.008514404296875	-0.0409517444004412	0.867046245515693	0.498227666972782	0
-681	-0.005645751953125	0.0229593582385167	0.863972856121587	0.503538383725717	0
-680	-0.0029296875	0.0269038754713741	0.860866938637767	0.508830142543107	0
-679	-0.0010986328125	0.0257891260132577	0.857728610000272	0.514102744193222	0
-678	-0.000579833984375	0.0162271802272649	0.854557988365401	0.51935599016559	0
-677	0.00128173828125	-0.0279486550145974	0.851355193105265	0.524589682678469	0
-676	0.006195068359375	0.0149746598979496	0.848120344803297	0.529803624686295	0
-675	0.01171875	0.0035712458939528	0.844853565249707	0.534997619887097	0
-674	0.0155029296875	0.0301588224593312	0.841554977436898	0.540171472729893	0
-673	0.01910400390625	0.0310453690069745	0.838224705554838	0.545324988422046	0
-672	0.02252197265625	0.0408486433060896	0.83486287498638	0.550457972936605	0
-671	0.02398681640625	0.0144435089815084	0.831469612302545	0.555570233019602	0
-670	0.023773193359375	0.0029302000503814	0.828045045257756	0.560661576197336	0
-669	0.023529052734375	0.00499056533579402	0.824589302785025	0.565731810783613	0
-668	0.0216064453125	0.0116727834850686	0.821102514991105	0.570780745886967	0
-667	0.015869140625	0.0324058726097478	0.817584813151584	0.575808191417845	0
-666	0.007476806640625	0.00534955869638035	0.814036329705948	0.580813958095765	0
-665	0.0009765625	0.0228866786088428	0.810457198252595	0.585797857456439	0
-664	-0.004180908203125	-0.0406083803769372	0.806847553543799	0.590759701858874	0
-663	-0.0098876953125	-0.0133186638365185	0.803207531480645	0.595699304492433	0
-662	-0.016448974609375	-0.0187066752559703	0.799537269107905	0.600616479383869	0
-661	-0.02069091796875	0.0156981013811382	0.795836904608884	0.605511041404326	0
-660	-0.02166748046875	-0.0335802916826003	0.792106577300212	0.610382806276309	0
-659	-0.0213623046875	-0.0090558709144927	0.788346427626606	0.615231590580627	0
-658	-0.01983642578125	-0.00338911135205705	0.784556597155575	0.620057211763289	0
-657	-0.016082763671875	-0.0239517660196315	0.780737228572094	0.624859488142386	0
-656	-0.010833740234375	-0.0167725591458216	0.776888465673232	0.629638238914927	0
-655	-0.00653076171875	-0.0411592002794858	0.773010453362737	0.634393284163645	0
-654	-0.002960205078125	-0.0120124816438664	0.76910333764558	0.639124444863776	0
-653	0.000823974609375	0.0243538889478011	0.765167265622459	0.643831542889791	0
-652	0.004547119140625	0.000165177170811849	0.761202385484262	0.648514401022112	0
-651	0.0074462890625	0.0277960624512674	0.757208846506485	0.653172842953777	0
-650	0.0079345703125	-0.00920261717979385	0.753186799043612	0.657806693297079	0
-649	0.00762939453125	-0.00157328661513316	0.749136394523459	0.662415777590172	0
-648	0.0079345703125	-0.0013932107333949	0.745057785441466	0.666999922303637	0
-647	0.00799560546875	0.021111251047426	0.740951125354959	0.671558954847018	0
-646	0.006256103515625	0.0267005535049945	0.73681656887737	0.676092703575316	0
-645	0.004913330078125	-0.0361138110532521	0.732654271672413	0.680600997795453	0
-644	0.004669189453125	-0.0222295690782896	0.728464390448225	0.6850836677727	0
-643	0.003662109375	-0.0363477242642043	0.724247082951467	0.689540544737067	0
-642	0.001495361328125	-0.00129266707957115	0.720002507961382	0.693971460889654	0
-641	-0.00079345703125	-0.0110704275840559	0.715730825283819	0.698376249408973	0
-640	-0.00262451171875	-0.0573022527803944	0.711432195745216	0.702754744457225	0
-639	-0.00531005859375	0.00438909611635595	0.707106781186547	0.707106781186547	0
-638	-0.00927734375	-0.00254255895038953	0.702754744457225	0.711432195745216	0
-637	-0.013946533203125	0.0013855622785861	0.698376249408973	0.715730825283819	0
-636	-0.017974853515625	-0.0177957685179208	0.693971460889654	0.720002507961382	0
-635	-0.021728515625	-0.0191822041881709	0.689540544737067	0.724247082951467	0
-634	-0.025054931640625	-0.0322221162197179	0.6850836677727	0.728464390448225	0
-633	-0.02783203125	-0.00196393959192879	0.680600997795453	0.732654271672413	0
-632	-0.028900146484375	-0.0573208106986514	0.676092703575316	0.73681656887737	0
-631	-0.028717041015625	-0.0724076289746615	0.671558954847018	0.740951125354959	0
-630	-0.02716064453125	0.00195404707735874	0.666999922303637	0.745057785441466	0
-629	-0.022918701171875	-0.0700299083948992	0.662415777590172	0.749136394523459	0
-628	-0.01116943359375	0.0138925803148369	0.657806693297079	0.753186799043612	0
-627	0.004638671875	0.00329362875525758	0.653172842953777	0.757208846506485	0
-626	0.018310546875	0.0171669512877198	0.648514401022112	0.761202385484262	0
-625	0.02801513671875	0.0434082496931816	0.643831542889791	0.765167265622459	0
-624	0.04132080078125	0.0508268348074759	0.639124444863776	0.76910333764558	0
-623	0.052093505859375	0.0350684492133685	0.634393284163645	0.773010453362737	0
-622	0.05670166015625	0.0687406042684253	0.629638238914927	0.776888465673232	0
-621	0.0555419921875	0.0545015357369034	0.624859488142386	0.780737228572094	0
-620	0.052093505859375	0.0763519626279801	0.620057211763289	0.784556597155575	0
-619	0.04205322265625	0.0612504428535755	0.615231590580627	0.788346427626606	0
-618	0.02655029296875	0.0232876772785524	0.610382806276309	0.792106577300212	0
-617	0.0111083984375	0.00149736976431316	0.605511041404326	0.795836904608884	0
-616	-0.0028076171875	-0.00665310834806857	0.600616479383869	0.799537269107905	0
-615	-0.014068603515625	-0.0321936556167293	0.595699304492433	0.803207531480645	0
-614	-0.025299072265625	-0.0494455875494681	0.590759701858874	0.806847553543799	0
-613	-0.032958984375	-0.0521447613393196	0.585797857456439	0.810457198252595	0
-612	-0.037689208984375	-0.00208003658613169	0.580813958095765	0.814036329705948	0
-611	-0.03564453125	-0.0316175153234095	0.575808191417845	0.817584813151584	0
-610	-0.03204345703125	-0.0120131344534333	0.570780745886967	0.821102514991105	0
-609	-0.026214599609375	-0.0224392240621625	0.565731810783613	0.824589302785025	0
-608	-0.020751953125	-0.0226036633013117	0.560661576197336	0.828045045257756	0
-607	-0.014801025390625	-0.00407809746568697	0.555570233019602	0.831469612302545	0
-606	-0.010711669921875	0.0285764594558782	0.550457972936605	0.83486287498638	0
-605	-0.006866455078125	0.00163181038490743	0.545324988422046	0.838224705554838	0
-604	-0.004241943359375	-0.00374500738889297	0.540171472729893	0.841554977436898	0
-603	-0.00079345703125	0.0194779928655858	0.534997619887097	0.844853565249707	0
-602	0.00152587890625	-0.0593478206446464	0.529803624686295	0.848120344803297	0
-601	0.002685546875	0.0135273516344659	0.524589682678469	0.851355193105265	0
-600	0.00347900390625	0.032065513646539	0.51935599016559	0.854557988365401	0
-599	0.007720947265625	-0.00886291733429212	0.514102744193222	0.857728610000272	0
-598	0.01324462890625	0.0487819986741185	0.508830142543107	0.860866938637767	0
-597	0.01849365234375	-0.00471759259592103	0.503538383725717	0.863972856121587	0
-596	0.021575927734375	0.00691935577599549	0.498227666972782	0.867046245515693	0
-595	0.0247802734375	0.0569644715411406	0.492898192229784	0.870086991108711	0
-594	0.02618408203125	0.00900281611988876	0.487550160148436	0.87309497841829	0
-593	0.02508544921875	0.035822984527126	0.482183772079123	0.876070094195406	0
-592	0.021636962890625	0.0353291077736651	0.476799230063322	0.879012226428633	0
-591	0.017120361328125	0.00722588695980064	0.471396736825998	0.881921264348355	0
-590	0.01275634765625	0.00238928629190235	0.465976495767966	0.884797098430938	0
-589	0.006591796875	0.0367180527022125	0.46053871095824	0.887639620402854	0
-588	-0.001312255859375	-0.0269386076355584	0.455083587126344	0.890448723244758	0
-587	-0.010284423828125	0.0143341800195387	0.449611329654607	0.893224301195515	0
-586	-0.013214111328125	-0.0161292120906833	0.444122144570429	0.895966249756185	0
-585	-0.015289306640625	-0.0354166369829485	0.438616238538528	0.898674465693954	0
-584	-0.019439697265625	-0.0294787084409599	0.433093818853152	0.901348847046022	0
-583	-0.022796630859375	-0.0278098397707074	0.427555093430282	0.903989293123443	0
-582	-0.020751953125	-0.0301306974574126	0.4220002707998	0.906595704514915	0
-581	-0.0184326171875	-0.0395846052795071	0.416429560097637	0.909167983090522	0
-580	-0.017181396484375	-0.0220313148223779	0.410843171057904	0.91170603200543	0
-579	-0.013946533203125	-0.0254890688143398	0.40524131400499	0.914209755703531	0
-578	-0.008758544921875	-0.0392229277991855	0.399624199845647	0.916679059921043	0
-577	-0.0048828125	-0.0145383861129944	0.393992040061048	0.919113851690058	0
-576	-0.002655029296875	0.00180529183897148	0.388345046698826	0.921514039342042	0
-575	9.1552734375e-05	0.00915477760491501	0.38268343236509	0.923879532511287	0
-574	0.00506591796875	0.00146110095356833	0.377007410216418	0.926210242138311	0
-573	0.010894775390625	0.00270262628832958	0.371317193951837	0.928506080473215	0
-572	0.014434814453125	-0.00185415781313829	0.365612997804774	0.930766961078984	0
-571	0.01544189453125	0.0338386933739712	0.359895036534988	0.932992798834739	0
-570	0.017974853515625	-0.0119753275256853	0.35416352542049	0.935183509938948	0
-569	0.01995849609375	0.0217556382747452	0.348418680249435	0.937339011912575	0
-568	0.0172119140625	0.00923753787909743	0.342660717311994	0.93945922360219	0
-567	0.01300048828125	0.0122582771897799	0.33688985339222	0.941544065183021	0
-566	0.010467529296875	0.0139200323540103	0.331106305759876	0.94359345816196	0
-565	0.006317138671875	-0.00439405815477658	0.325310292162263	0.945607325380521	0
-564	-0.001953125	0.0165274685269205	0.319502030816016	0.947585591017741	0
-563	-0.00872802734375	-0.00855250496616587	0.313681740398891	0.949528180593037	0
-562	-0.012298583984375	-0.0110084641556701	0.307849640041535	0.951435020969008	0
-561	-0.015289306640625	0.00153999427924045	0.302005949319228	0.953306040354194	0
-560	-0.01934814453125	-0.0103611300664862	0.296150888243624	0.955141168305771	0
-559	-0.02142333984375	-0.0393404122669227	0.290284677254462	0.956940335732209	0
-558	-0.02239990234375	-0.0160911865528106	0.284407537211272	0.958703474895871	0
-557	-0.021881103515625	-0.0384070873157024	0.278519689385053	0.960430519415566	0
-556	-0.021453857421875	-0.0118703257436555	0.272621355449949	0.962121404269042	0
-555	-0.020904541015625	-0.0176074867796048	0.266712757474898	0.96377606579544	0
-554	-0.020263671875	-0.0249207827121909	0.260794117915276	0.965394441697689	0
-553	-0.019256591796875	-0.0138397744764548	0.254865659604515	0.966976471044852	0
-552	-0.02020263671875	-0.0198041674556784	0.24892760574572	0.968522094274417	0
-551	-0.021392822265625	-0.0541065386731635	0.242980179903264	0.970031253194544	0
-550	-0.020599365234375	-0.0218394173282164	0.237023605994367	0.971503890986252	0
-549	-0.0150146484375	-0.0401045684754602	0.231058108280671	0.97293995220556	0
-548	-0.0040283203125	0.00105063528697204	0.225083911359793	0.974339382785576	0
-547	0.009796142578125	0.0023173346129928	0.21910124015687	0.975702130038529	0
-546	0.021026611328125	0.0188602815008323	0.213110319916091	0.977028142657754	0
-545	0.031585693359375	0.0399505026543925	0.207111376192219	0.978317370719628	0
-544	0.046173095703125	0.0488391365470207	0.201104634842092	0.979569765685441	0
-543	0.05792236328125	0.0752274813196505	0.195090322016128	0.98078528040323	0
-542	0.0621337890625	0.0170762510029466	0.189068664149806	0.981963869109555	0
-541	0.060577392578125	0.0610598434183879	0.183039887955141	0.983105487431216	0
-540	0.055755615234375	0.0936353665673819	0.177004220412149	0.984210092386929	0
-539	0.04315185546875	0.0524400520624993	0.170961888760301	0.985277642388941	0
-538	0.024749755859375	0.0432577810232357	0.16491312048997	0.986308097244599	0
-537	0.0062255859375	0.00393480698326419	0.158858143333861	0.987301418157858	0
-536	-0.010162353515625	-0.0313695184426299	0.152797185258443	0.988257567730749	0
-535	-0.024810791015625	-0.0274381373519625	0.146730474455362	0.989176509964781	0
-534	-0.0390625	-0.0382254582566661	0.140658239332849	0.990058210262297	0
-533	-0.04937744140625	-0.0423173146553738	0.134580708507126	0.99090263542778	0
-532	-0.051849365234375	-0.0321489246826932	0.128498110793793	0.9917097536691	0
-531	-0.046539306640625	0.00114090342199316	0.122410675199216	0.99247953459871	0
-530	-0.03985595703125	-0.0544418810136699	0.116318630911905	0.993211949234795	0
-529	-0.03167724609375	-0.0337483717613894	0.110222207293883	0.993906970002356	0
-528	-0.02056884765625	-0.0163044964166396	0.104121633872055	0.994564570734255	0
-527	-0.01025390625	-0.00419106002615395	0.0980171403295606	0.995184726672197	0
-526	-0.0029296875	0.0696869910270995	0.0919089564971328	0.99576741446766	0
-525	0.003265380859375	-0.0218543945112765	0.08579731234444	0.996312612182778	0
-524	0.00872802734375	0.0242585941081681	0.07968243797143	0.996820299291166	0
-523	0.01214599609375	0.0217106889259079	0.0735645635996673	0.99729045667869	0
-522	0.012237548828125	0.0126901247416688	0.0674439195636641	0.997723066644192	0
-521	0.0111083984375	-0.00388603998021689	0.0613207363022087	0.998118112900149	0
-520	0.0107421875	-0.00635382212286861	0.0551952443496899	0.998475580573295	0
-519	0.013458251953125	0.0248146444891405	0.0490676743274178	0.998795456205172	0
-518	0.016510009765625	0.0156634885786786	0.0429382569349409	0.999077727752645	0
-517	0.0189208984375	0.0410529351479967	0.0368072229413589	0.99932238458835	0
-516	0.020965576171875	-0.00251182316284296	0.0306748031766369	0.999529417501093	0
-515	0.023529052734375	0.0293040390910654	0.0245412285229122	0.999698818696204	0
-514	0.02374267578125	0.0108408047592583	0.0184067299058042	0.999830581795823	0
-513	0.021881103515625	0.0244469429491222	0.0122715382857193	0.999924701839145	0
-512	0.01971435546875	0.0039292734255306	0.00613588464915602	0.999981175282601	0
-511	0.01629638671875	0.0349081369487126	0	1	0
-510	0.009124755859375	0.00123127079538781	0	0.999981175282601	0.00613588464915602
-509	-0.001373291015625	-0.0163083135164944	0	0.999924701839145	0.0122715382857193
-508	-0.010589599609375	-0.0105251031584036	0	0.999830581795823	0.0184067299058042
-507	-0.01629638671875	-0.0129849120779926	0	0.999698818696204	0.0245412285229122
-506	-0.021087646484375	0.0120655169144584	0	0.999529417501093	0.0306748031766369
-505	-0.025543212890625	-0.0322606819690738	0	0.99932238458835	0.0368072229413589
-504	-0.02801513671875	-0.0116994567717645	0	0.999077727752645	0.0429382569349409
-503	-0.025970458984375	-0.00766178915512508	0	0.998795456205172	0.0490676743274178
-502	-0.022216796875	-0.0178387962333256	0	0.998475580573295	0.0551952443496899
-501	-0.0167236328125	-0.0264619995937261	0	0.998118112900149	0.0613207363022087
-500	-0.009613037109375	0.0137725562431574	0	0.997723066644192	0.0674439195636641
-499	-0.001434326171875	0.0200997871731031	0	0.99729045667869	0.0735645635996673
-498	0.003936767578125	0.0379586946570575	0	0.996820299291166	0.07968243797143
-497	0.007293701171875	0.0141507321646408	0	0.996312612182778	0.08579731234444
-496	0.010284423828125	-0.000132973572370571	0	0.99576741446766	0.0919089564971328
-495	0.013671875	0.000673329638767066	0	0.995184726672197	0.0980171403295606
-494	0.014862060546875	0.00708225730314656	0	0.994564570734255	0.104121633872055
-493	0.012847900390625	0.0317940072175805	0	0.993906970002356	0.110222207293883
-492	0.009918212890625	-0.0140698176726372	0	0.993211949234795	0.116318630911905
-491	0.00811767578125	0.0276189841198103	0	0.99247953459871	0.122410675199216
-490	0.006378173828125	0.0205841808029173	0	0.9917097536691	0.128498110793793
-489	0.004058837890625	0.0290570297417045	0	0.99090263542778	0.134580708507126
-488	0.00238037109375	0.01040044615555	0	0.990058210262297	0.140658239332849
-487	0.0015869140625	-0.0296132514964664	0	0.989176509964781	0.146730474455362
-486	-0.000579833984375	0.00225650684020739	0	0.988257567730749	0.152797185258443
-485	-0.003448486328125	-0.0337422633637175	0	0.987301418157858	0.158858143333861
-484	-0.005706787109375	0.00593642592047688	0	0.986308097244599	0.16491312048997
-483	-0.007293701171875	-0.0120912717959843	0	0.985277642388941	0.170961888760301
-482	-0.010223388671875	-0.0410235154733893	0	0.984210092386929	0.177004220412149
-481	-0.014190673828125	-0.00108448664201402	0	0.983105487431216	0.183039887955141
-480	-0.018463134765625	-0.016879170281287	0	0.981963869109555	0.189068664149806
-479	-0.022125244140625	-0.0458055549748519	0	0.98078528040323	0.195090322016128
-478	-0.0247802734375	-0.0221602550878211	0	0.979569765685441	0.201104634842092
-477	-0.027191162109375	-0.0574664018755601	0	0.978317370719628	0.207111376192219
-476	-0.02947998046875	-0.0332398778777798	0	0.977028142657754	0.213110319916091
-475	-0.02996826171875	-0.0367708889190476	0	0.975702130038529	0.21910124015687
-474	-0.02801513671875	-0.0333320695114841	0	0.974339382785576	0.225083911359793
-473	-0.025360107421875	-0.0475793102415379	0	0.97293995220556	0.231058108280671
-472	-0.019500732421875	-0.0310105733833009	0	0.971503890986252	0.237023605994367
-471	-0.005859375	0.0260860239710123	0	0.970031253194544	0.242980179903264
-470	0.01336669921875	0.00449501641403648	0	0.968522094274417	0.24892760574572
-469	0.028900146484375	0.0310876958119482	0	0.966976471044852	0.254865659604515
-468	0.036956787109375	0.0652271525399029	0	0.965394441697689	0.260794117915276
-467	0.050140380859375	0.0488338914985814	0	0.96377606579544	0.266712757474898
-466	0.062103271484375	0.0408236605569904	0	0.962121404269042	0.272621355449949
-465	0.0660400390625	0.0715396024272082	0	0.960430519415566	0.278519689385053
-464	0.059783935546875	0.0918875167190339	0	0.958703474895871	0.284407537211272
-463	0.05328369140625	0.108311944938201	0	0.956940335732209	0.290284677254462
-462	0.041290283203125	0.00497680676256641	0	0.955141168305771	0.296150888243624
-461	0.021881103515625	0.0256458961706462	0	0.953306040354194	0.302005949319228
-460	0.001678466796875	-0.018882494712376	0	0.951435020969008	0.307849640041535
-459	-0.0142822265625	0.00612435748679675	0	0.949528180593037	0.313681740398891
-458	-0.02587890625	-0.0443285194972043	0	0.947585591017741	0.319502030816016
-457	-0.038299560546875	-0.00589511323449209	0	0.945607325380521	0.325310292162263
-456	-0.04736328125	-0.0366540385647099	0	0.94359345816196	0.331106305759876
-455	-0.050445556640625	-0.0610899309032411	0	0.941544065183021	0.33688985339222
-454	-0.044219970703125	-0.110847288946151	0	0.93945922360219	0.342660717311994
-453	-0.037353515625	-0.0615741928642573	0	0.937339011912575	0.348418680249435
-452	-0.029541015625	-0.0316719980004365	0	0.935183509938948	0.35416352542049
-451	-0.020263671875	0.00244459869406264	0	0.932992798834739	0.359895036534988
-450	-0.010467529296875	-0.0218064724635687	0	0.930766961078984	0.365612997804774
-449	-0.003997802734375	-0.013050041925411	0	0.928506080473215	0.371317193951837
-448	0.001251220703125	-0.000751497710434271	0	0.926210242138311	0.377007410216418
-447	0.00537109375	-0.0244075436940513	0	0.923879532511287	0.38268343236509
-446	0.00994873046875	0.0649418413368546	0	0.921514039342042	0.388345046698826
-445	0.01153564453125	0.0242548714339583	0	0.919113851690058	0.393992040061048
-444	0.012176513671875	0.0501473471082229	0	0.916679059921043	0.399624199845647
-443	0.011749267578125	0.0299399758122301	0	0.914209755703531	0.40524131400499
-442	0.015777587890625	9.81961895259141e-05	0	0.91170603200543	0.410843171057904
-441	0.020172119140625	0.0240953579857615	0	0.909167983090522	0.416429560097637
-440	0.023681640625	0.000275824662105757	0	0.906595704514915	0.4220002707998
-439	0.024322509765625	0.000494614466681139	0	0.903989293123443	0.427555093430282
-438	0.0257568359375	0.00548186629285328	0	0.901348847046022	0.433093818853152
-437	0.024627685546875	0.0527128508381299	0	0.898674465693954	0.438616238538528
-436	0.02099609375	-0.00239590537497894	0	0.895966249756185	0.444122144570429
-435	0.01519775390625	0.0213343970664035	0	0.893224301195515	0.449611329654607
-434	0.008880615234375	0.00370918044652293	0	0.890448723244758	0.455083587126344
-433	0.0010986328125	0.0023443455349902	0	0.887639620402854	0.46053871095824
-432	-0.006988525390625	0.00784470832526415	0	0.884797098430938	0.465976495767966
-431	-0.0150146484375	-0.0295583002436656	0	0.881921264348355	0.471396736825998
-430	-0.021209716796875	-0.00677009566676485	0	0.879012226428633	0.476799230063322
-429	-0.023590087890625	-0.00071064922080414	0	0.876070094195406	0.482183772079123
-428	-0.02349853515625	-0.0446759624695107	0	0.87309497841829	0.487550160148436
-427	-0.022430419921875	0.00178741232049902	0	0.870086991108711	0.492898192229784
-426	-0.0205078125	-0.0164117347946321	0	0.867046245515693	0.498227666972782
-425	-0.0155029296875	-0.0439753975418371	0	0.863972856121587	0.503538383725717
-424	-0.010894775390625	0.015363346752229	0	0.860866938637767	0.508830142543107
-423	-0.0064697265625	-0.00893879281323144	0	0.857728610000272	0.514102744193222
-422	-0.001434326171875	-0.0266061865150819	0	0.854557988365401	0.51935599016559
-421	0.00299072265625	0.0413991557681171	0	0.851355193105265	0.524589682678469
-420	0.0048828125	0.0137362324782271	0	0.848120344803297	0.529803624686295
-419	0.0069580078125	0.0219003771737559	0	0.844853565249707	0.534997619887097
-418	0.009368896484375	0.0199771074132837	0	0.841554977436898	0.540171472729893
-417	0.0111083984375	-0.0053542523496785	0	0.838224705554838	0.545324988422046
-416	0.011993408203125	-0.00955882279717836	0	0.83486287498638	0.550457972936605
-415	0.01312255859375	0.0358149187951488	0	0.831469612302545	0.555570233019602
-414	0.013580322265625	-0.0135801523602796	0	0.828045045257756	0.560661576197336
-413	0.012786865234375	-0.0085262856119515	0	0.824589302785025	0.565731810783613
-412	0.011871337890625	-0.030560852650542	0	0.821102514991105	0.570780745886967
-411	0.01007080078125	0.0470666561779483	0	0.817584813151584	0.575808191417845
-410	0.006622314453125	0.00410909189364091	0	0.814036329705948	0.580813958095765
-409	0.0028076171875	-0.000346930359753003	0	0.810457198252595	0.585797857456439
-408	-0.001007080078125	0.0391155319478429	0	0.806847553543799	0.590759701858874
-407	-0.006561279296875	-0.00654297533935358	0	0.803207531480645	0.595699304492433
-406	-0.011688232421875	-0.0413671859917229	0	0.799537269107905	0.600616479383869
-405	-0.015228271484375	0.0334581263718154	0	0.795836904608884	0.605511041404326
-404	-0.01739501953125	0.0196762719539766	0	0.792106577300212	0.610382806276309
-403	-0.020050048828125	-0.0171254119985635	0	0.788346427626606	0.615231590580627
-402	-0.021270751953125	0.0238152926546631	0	0.784556597155575	0.620057211763289
-401	-0.021331787109375	-0.0501420549586022	0	0.780737228572094	0.624859488142386
-400	-0.020721435546875	-0.0457517231679121	0	0.776888465673232	0.629638238914927
-399	-0.02044677734375	-0.0603097094771073	0	0.773010453362737	0.634393284163645
-398	-0.01910400390625	-0.0095467741361622	0	0.76910333764558	0.639124444863776
-397	-0.017852783203125	0.0215650693348963	0	0.765167265622459	0.643831542889791
-396	-0.01708984375	0.0106798106179675	0	0.761202385484262	0.648514401022112
-395	-0.017547607421875	-0.0313622118483911	0	0.757208846506485	0.653172842953777
-394	-0.0169677734375	-0.0100247450414312	0	0.753186799043612	0.657806693297079
-393	-0.015350341796875	0.0387628214371115	0	0.749136394523459	0.662415777590172
-392	-0.009246826171875	-0.0315828696718026	0	0.745057785441466	0.666999922303637
-391	0.0030517578125	-0.0203130499475341	0	0.740951125354959	0.671558954847018
-390	0.01885986328125	-0.00594796730374379	0	0.73681656887737	0.676092703575316
-389	0.02880859375	0.042878746681905	0	0.732654271672413	0.680600997795453
-388	0.0369873046875	0.0519536819211116	0	0.728464390448225	0.6850836677727
-387	0.050872802734375	0.0312847945329624	0	0.724247082951467	0.689540544737067
-386	0.060638427734375	0.0586481765879394	0	0.720002507961382	0.693971460889654
-385	0.06085205078125	0.0666858269193964	0	0.715730825283819	0.698376249408973
-384	0.0548095703125	0.0946461563012118	0	0.711432195745216	0.702754744457225
-383	0.049163818359375	0.0705029937982582	0	0.707106781186547	0.707106781186547
-382	0.033050537109375	0.0207394454471106	0	0.702754744457225	0.711432195745216
-381	0.012420654296875	0.0468444683169187	0	0.698376249408973	0.715730825283819
-380	-0.0069580078125	0.0127261389430098	0	0.693971460889654	0.720002507961382
-379	-0.021270751953125	-0.0452005834976771	0	0.689540544737067	0.724247082951467
-378	-0.035614013671875	-0.0205102505185467	0	0.6850836677727	0.728464390448225
-377	-0.0478515625	-0.0659950193414529	0	0.680600997795453	0.732654271672413
-376	-0.055328369140625	-0.0185398989299718	0	0.676092703575316	0.73681656887737
-375	-0.053558349609375	-0.0142633085167645	0	0.671558954847018	0.740951125354959
-374	-0.04541015625	-0.0836488930300394	0	0.666999922303637	0.745057785441466
-373	-0.0360107421875	-0.0578187357469586	0	0.662415777590172	0.749136394523459
-372	-0.02520751953125	-0.0329986916037594	0	0.657806693297079	0.753186799043612
-371	-0.011993408203125	-0.0184809179667004	0	0.653172842953777	0.757208846506485
-370	-0.0009765625	0.0144517318860602	0	0.648514401022112	0.761202385484262
-369	0.00653076171875	0.0128690873484934	0	0.643831542889791	0.765167265622459
-368	0.012237548828125	0.0203512580163369	0	0.639124444863776	0.76910333764558
-367	0.017730712890625	0.0192337952254613	0	0.634393284163645	0.773010453362737
-366	0.01953125	-0.0147929271583861	0	0.629638238914927	0.776888465673232
-365	0.018280029296875	0.0321114054640354	0	0.624859488142386	0.780737228572094
-364	0.015777587890625	0.016096994198817	0	0.620057211763289	0.784556597155575
-363	0.0147705078125	0.0329740251546324	0	0.615231590580627	0.788346427626606
-362	0.016082763671875	0.0151369179316902	0	0.610382806276309	0.792106577300212
-361	0.017730712890625	0.0464833535711014	0	0.605511041404326	0.795836904608884
-360	0.0184326171875	0.0621550889705437	0	0.600616479383869	0.799537269107905
-359	0.018341064453125	0.028932521210396	0	0.595699304492433	0.803207531480645
-358	0.018951416015625	0.0147277932965279	0	0.590759701858874	0.806847553543799
-357	0.0172119140625	-0.0217350007280022	0	0.585797857456439	0.810457198252595
-356	0.013946533203125	0.00470833167092129	0	0.580813958095765	0.814036329705948
-355	0.00885009765625	-0.0120859518823547	0	0.575808191417845	0.817584813151584
-354	0.003631591796875	0.00393183966323425	0	0.570780745886967	0.821102514991105
-353	-0.0028076171875	-0.0450696966026104	0	0.565731810783613	0.824589302785025
-352	-0.01123046875	-0.0190745382712231	0	0.560661576197336	0.828045045257756
-351	-0.019989013671875	-0.0181768008372015	0	0.555570233019602	0.831469612302545
-350	-0.02423095703125	-0.0249625115611664	0	0.550457972936605	0.83486287498638
-349	-0.023834228515625	-0.0446114001332404	0	0.545324988422046	0.838224705554838
-348	-0.02392578125	-0.0420844652147065	0	0.540171472729893	0.841554977436898
-347	-0.023834228515625	-0.0248329527563887	0	0.534997619887097	0.844853565249707
-346	-0.018829345703125	-0.00710438247875886	0	0.529803624686295	0.848120344803297
-345	-0.012115478515625	-0.00194943508153795	0	0.524589682678469	0.851355193105265
-344	-0.006378173828125	0.0233469884521363	0	0.51935599016559	0.854557988365401
-343	0.000457763671875	-0.00567281509929234	0	0.514102744193222	0.857728610000272
-342	0.008331298828125	0.0308793468923281	0	0.508830142543107	0.860866938637767
-341	0.012115478515625	0.0393890343150365	0	0.503538383725717	0.863972856121587
-340	0.013580322265625	0.0108060994007285	0	0.498227666972782	0.867046245515693
-339	0.01483154296875	-0.00392080269715605	0	0.492898192229784	0.870086991108711
-338	0.01531982421875	-0.00351159905344984	0	0.487550160148436	0.87309497841829
-337	0.014678955078125	0.0456759239533452	0	0.482183772079123	0.876070094195406
-336	0.014068603515625	0.010745926258096	0	0.476799230063322	0.879012226428633
-335	0.010955810546875	0.038348629247489	0	0.471396736825998	0.881921264348355
-334	0.006072998046875	-0.00179374766526579	0	0.465976495767966	0.884797098430938
-333	0.003082275390625	-0.0201835451885316	0	0.46053871095824	0.887639620402854
-332	0.001983642578125	0.0275553870942826	0	0.455083587126344	0.890448723244758
-331	-0.00018310546875	-0.0173128957123364	0	0.449611329654607	0.893224301195515
-330	-0.003082275390625	0.000491105120188154	0	0.444122144570429	0.895966249756185
-329	-0.005401611328125	-0.0516858330220947	0	0.438616238538528	0.898674465693954
-328	-0.007598876953125	-0.0429999914104734	0	0.433093818853152	0.901348847046022
-327	-0.010894775390625	-0.0117743569415056	0	0.427555093430282	0.903989293123443
-326	-0.013153076171875	-0.0455886675936817	0	0.4220002707998	0.906595704514915
-325	-0.01318359375	-0.0147011154328724	0	0.416429560097637	0.909167983090522
-324	-0.013153076171875	-0.0536001663272344	0	0.410843171057904	0.91170603200543
-323	-0.015411376953125	0.0150170302055319	0	0.40524131400499	0.914209755703531
-322	-0.0174560546875	-0.0249003985616538	0	0.399624199845647	0.916679059921043
-321	-0.017364501953125	-0.00350895688813723	0	0.393992040061048	0.919113851690058
-320	-0.016815185546875	-0.0323838670476307	0	0.388345046698826	0.921514039342042
-319	-0.017333984375	-0.0463625708318732	0	0.38268343236509	0.923879532511287
-318	-0.01739501953125	0.000109031230518968	0	0.377007410216418	0.926210242138311
-317	-0.01702880859375	-0.0281654050390438	0	0.371317193951837	0.928506080473215
-316	-0.017822265625	0.0125903918591896	0	0.365612997804774	0.930766961078984
-315	-0.018402099609375	-0.0374212720278747	0	0.359895036534988	0.932992798834739
-314	-0.016754150390625	-0.0262326865701678	0	0.35416352542049	0.935183509938948
-313	-0.010955810546875	0.0441230036887336	0	0.348418680249435	0.937339011912575
-312	0.00042724609375	0.017251874170736	0	0.342660717311994	0.93945922360219
-311	0.016448974609375	-0.0268717191900019	0	0.33688985339222	0.941544065183021
-310	0.02960205078125	0.0313781201364355	0	0.331106305759876	0.94359345816196
-309	0.035675048828125	0.0622438582102319	0	0.325310292162263	0.945607325380521
-308	0.04656982421875	0.0581056916565906	0	0.319502030816016	0.947585591017741
-307	0.05902099609375	0.0235751809576356	0	0.313681740398891	0.949528180593037
-306	0.0614013671875	0.06622620926604	0	0.307849640041535	0.951435020969008
-305	0.053924560546875	0.0624075020027073	0	0.302005949319228	0.953306040354194
-304	0.045623779296875	0.0426148233034834	0	0.296150888243624	0.955141168305771
-303	0.03350830078125	0.0446199165845138	0	0.290284677254462	0.956940335732209
-302	0.011962890625	-0.0331465538407892	0	0.284407537211272	0.958703474895871
-301	-0.007781982421875	-0.000564098567263002	0	0.278519689385053	0.960430519415566
-300	-0.023101806640625	-0.0131719891444192	0	0.272621355449949	0.962121404269042
-299	-0.03411865234375	-0.0568925012407492	0	0.266712757474898	0.96377606579544
-298	-0.046661376953125	-0.0347972895101425	0	0.260794117915276	0.965394441697689
-297	-0.054046630859375	-0.0942107974305861	0	0.254865659604515	0.966976471044852
-296	-0.0538330078125	-0.0383006439490013	0	0.24892760574572	0.968522094274417
-295	-0.044097900390625	-0.042673403070928	0	0.242980179903264	0.970031253194544
-294	-0.033935546875	-0.0524889632980562	0	0.237023605994367	0.971503890986252
-293	-0.02313232421875	-0.03483546344438	0	0.231058108280671	0.97293995220556
-292	-0.01068115234375	-0.00843010130175496	0	0.225083911359793	0.974339382785576
-291	0.00115966796875	0.0158188902584504	0	0.21910124015687	0.975702130038529
-290	0.0079345703125	0.0356653784911771	0	0.213110319916091	0.977028142657754
-289	0.01373291015625	0.00854691363063413	0	0.207111376192219	0.978317370719628
-288	0.018280029296875	0.0177764765675833	0	0.201104634842092	0.979569765685441
-287	0.020843505859375	-0.00550022589921853	0	0.195090322016128	0.98078528040323
-286	0.01873779296875	0.0315245913645826	0	0.189068664149806	0.981963869109555
-285	0.016510009765625	0.0443552680864971	0	0.183039887955141	0.983105487431216
-284	0.01409912109375	0.016893086896234	0	0.177004220412149	0.984210092386929
-283	0.014892578125	0.0369063749069229	0	0.170961888760301	0.985277642388941
-282	0.016693115234375	-0.00319639027923788	0	0.16491312048997	0.986308097244599
-281	0.018096923828125	0.0141465664338545	0	0.158858143333861	0.987301418157858
-280	0.017486572265625	0.0185232595696319	0	0.152797185258443	0.988257567730749
-279	0.0167236328125	0.0199977202321655	0	0.146730474455362	0.989176509964781
-278	0.015533447265625	0.0214271030346593	0	0.140658239332849	0.990058210262297
-277	0.01153564453125	0.0204105574962154	0	0.134580708507126	0.99090263542778
-276	0.0068359375	-5.74362138895026e-05	0	0.128498110793793	0.9917097536691
-275	0.001708984375	0.00568142014928346	0	0.122410675199216	0.99247953459871
-274	-0.00439453125	0.0150480551130843	0	0.116318630911905	0.993211949234795
-273	-0.013885498046875	-0.0311025144990617	0	0.110222207293883	0.993906970002356
-272	-0.020904541015625	-0.0444423815625987	0	0.104121633872055	0.994564570734255
-271	-0.024078369140625	-0.0332959893160483	0	0.0980171403295606	0.995184726672197
-270	-0.024322509765625	-0.0159522033892927	0	0.0919089564971328	0.99576741446766
-269	-0.0235595703125	-0.0121709933598338	0	0.08579731234444	0.996312612182778
-268	-0.020355224609375	-0.0273414747071118	0	0.07968243797143	0.996820299291166
-267	-0.0159912109375	0.0190903803835644	0	0.0735645635996673	0.99729045667869
-266	-0.0101318359375	-0.0148785137869219	0	0.0674439195636641	0.997723066644192
-265	-0.00408935546875	-0.0156934920124382	0	0.0613207363022087	0.998118112900149
-264	0.003143310546875	-0.0144940855802588	0	0.0551952443496899	0.998475580573295
-263	0.0089111328125	0.0685922146036621	0	0.0490676743274178	0.998795456205172
-262	0.012542724609375	0.00965330956477693	0	0.0429382569349409	0.999077727752645
-261	0.01275634765625	0.00766324448874512	0	0.0368072229413589	0.99932238458835
-260	0.0125732421875	0.0341778224790361	0	0.0306748031766369	0.999529417501093
-259	0.011505126953125	-0.00166518353059436	0	0.0245412285229122	0.999698818696204
-258	0.01007080078125	0.0140973151318322	0	0.0184067299058042	0.999830581795823
-257	0.009368896484375	-0.0125282949995723	0	0.0122715382857193	0.999924701839145
-256	0.00872802734375	0.0360333822901903	0	0.00613588464915602	0.999981175282601
-255	0.008087158203125	-0.011098120547072	0	0	1
-254	0.007232666015625	-4.70251538990003e-05	0	0	0.999981175282601
-253	0.00701904296875	0.00736934508456722	0	0	0.999924701839145
-252	0.006011962890625	0.0082628246501773	0	0	0.999830581795823
-251	0.00360107421875	-0.0280646874483068	0	0	0.999698818696204
-250	0.0008544921875	-0.0180283819610934	0	0	0.999529417501093
-249	-0.003326416015625	-0.00478257274278727	0	0	0.99932238458835
-248	-0.00836181640625	0.0355094480667267	0	0	0.999077727752645
-247	-0.01361083984375	-0.0319489038475533	0	0	0.998795456205172
-246	-0.016693115234375	-0.0465771146509322	0	0	0.998475580573295
-245	-0.01934814453125	-0.0275836808873162	0	0	0.998118112900149
-244	-0.021148681640625	-0.0348875724926111	0	0	0.997723066644192
-243	-0.021881103515625	-0.0364266439242187	0	0	0.99729045667869
-242	-0.019805908203125	-0.0249186293621281	0	0	0.996820299291166
-241	-0.017852783203125	-0.0409054375609347	0	0	0.996312612182778
-240	-0.015777587890625	-0.0285657385925427	0	0	0.99576741446766
-239	-0.0126953125	-0.0266746837132934	0	0	0.995184726672197
-238	-0.009979248046875	-0.00740859850717963	0	0	0.994564570734255
-237	-0.009063720703125	-0.0443200367904219	0	0	0.993906970002356
-236	-0.00885009765625	-0.0257738992670535	0	0	0.993211949234795
-235	-0.009613037109375	-0.00887001205238776	0	0	0.99247953459871
-234	-0.011199951171875	-0.0295158561725596	0	0	0.9917097536691
-233	-0.010498046875	-0.0462145659251021	0	0	0.99090263542778
-232	-0.002685546875	0.0110115497389294	0	0	0.990058210262297
-231	0.0098876953125	-0.0162864972758618	0	0	0.989176509964781
-230	0.020904541015625	0.0688350490785976	0	0	0.988257567730749
-229	0.02716064453125	0.0175261123935832	0	0	0.987301418157858
-228	0.03765869140625	0.0430410296520673	0	0	0.986308097244599
-227	0.05029296875	0.0571192332658541	0	0	0.985277642388941
-226	0.05487060546875	0.0276060419857634	0	0	0.984210092386929
-225	0.05291748046875	0.070969312116513	0	0	0.983105487431216
-224	0.047119140625	0.0223037802215272	0	0	0.981963869109555
-223	0.03778076171875	0.0465883285347118	0	0	0.98078528040323
-222	0.017730712890625	0.0194672809715473	0	0	0.979569765685441
-221	-0.001007080078125	0.000633941818568364	0	0	0.978317370719628
-220	-0.017913818359375	-0.0106281960689893	0	0	0.977028142657754
-219	-0.030609130859375	-0.043384229542535	0	0	0.975702130038529
-218	-0.04412841796875	-0.0476296286979812	0	0	0.974339382785576
-217	-0.05267333984375	-0.0183173054391373	0	0	0.97293995220556
-216	-0.054595947265625	-0.0366935714853802	0	0	0.971503890986252
-215	-0.04803466796875	-0.0389305660665643	0	0	0.970031253194544
-214	-0.037567138671875	-0.0146094369822449	0	0	0.968522094274417
-213	-0.025482177734375	-0.0249748056826281	0	0	0.966976471044852
-212	-0.0111083984375	-0.0362204591940568	0	0	0.965394441697689
-211	0.001373291015625	-0.0413337463325896	0	0	0.96377606579544
-210	0.010650634765625	-0.00639566015953025	0	0	0.962121404269042
-209	0.01751708984375	0.0180301953569101	0	0	0.960430519415566
-208	0.022491455078125	0.00995419006767176	0	0	0.958703474895871
-207	0.0245361328125	0.0617853889869684	0	0	0.956940335732209
-206	0.0225830078125	0.0285436344591861	0	0	0.955141168305771
-205	0.01849365234375	0.0104296072796739	0	0	0.953306040354194
-204	0.01434326171875	0.0161810034598678	0	0	0.951435020969008
-203	0.011505126953125	-0.0361352032680098	0	0	0.949528180593037
-202	0.0113525390625	-0.00571777080388119	0	0	0.947585591017741
-201	0.011566162109375	0.0077101493375123	0	0	0.945607325380521
-200	0.011871337890625	0.0387230087561099	0	0	0.94359345816196
-199	0.01092529296875	0.0350423860104013	0	0	0.941544065183021
-198	0.0106201171875	-0.00301853907076895	0	0	0.93945922360219
-197	0.008270263671875	0.0256573238497227	0	0	0.937339011912575
-196	0.005615234375	0.0304705844269399	0	0	0.935183509938948
-195	0.000885009765625	-0.00457470165499706	0	0	0.932992798834739
-194	-0.004486083984375	0.0016421142454452	0	0	0.930766961078984
-193	-0.010589599609375	-0.0173575703988069	0	0	0.928506080473215
-192	-0.014434814453125	-0.000968153917293126	0	0	0.926210242138311
-191	-0.018280029296875	-0.0513513650714704	0	0	0.923879532511287
-190	-0.020843505859375	-0.0183181098186889	0	0	0.921514039342042
-189	-0.019866943359375	-0.0328409496819924	0	0	0.919113851690058
-188	-0.014617919921875	-0.00514241620810153	0	0	0.916679059921043
-187	-0.0118408203125	-0.00322250908968389	0	0	0.914209755703531
-186	-0.007659912109375	-0.00248285935321078	0	0	0.91170603200543
-185	-0.001556396484375	-0.0268592841472886	0	0	0.909167983090522
-184	0.005584716796875	0.0611868904739696	0	0	0.906595704514915
-183	0.008819580078125	-0.0316079036427103	0	0	0.903989293123443
-182	0.0120849609375	0.00811579389196192	0	0	0.901348847046022
-181	0.013580322265625	0.0217809142470619	0	0	0.898674465693954
-180	0.013580322265625	-0.00905265023447237	0	0	0.895966249756185
-179	0.011016845703125	0.00806369507840887	0	0	0.893224301195515
-178	0.00921630859375	0.00887360063253548	0	0	0.890448723244758
-177	0.006866455078125	-0.000341156003837406	0	0	0.887639620402854
-176	0.004058837890625	-0.0143823453203588	0	0	0.884797098430938
-175	0.001251220703125	0.0426132436541929	0	0	0.881921264348355
-174	-0.001190185546875	-0.0167358877043141	0	0	0.879012226428633
-173	-0.002410888671875	0.00575190809779234	0	0	0.876070094195406
-172	-0.00347900390625	-0.00206826735405476	0	0	0.87309497841829
-171	-0.00494384765625	-0.0237615086098971	0	0	0.870086991108711
-170	-0.00579833984375	0.0160114936145918	0	0	0.867046245515693
-169	-0.00732421875	0.0463617779986846	0	0	0.863972856121587
-168	-0.00885009765625	0.0283142503045253	0	0	0.860866938637767
-167	-0.010162353515625	-0.0127081078591763	0	0	0.857728610000272
-166	-0.0111083984375	0.00726597580953608	0	0	0.854557988365401
-165	-0.012939453125	-0.0536661360543581	0	0	0.851355193105265
-164	-0.014556884765625	-0.033331177608449	0	0	0.848120344803297
-163	-0.01544189453125	-0.00332626719638151	0	0	0.844853565249707
-162	-0.01690673828125	-0.0330626932065795	0	0	0.841554977436898
-161	-0.0184326171875	0.00322096770920103	0	0	0.838224705554838
-160	-0.018768310546875	-0.0131330811777086	0	0	0.83486287498638
-159	-0.018341064453125	-0.0199998223777576	0	0	0.831469612302545
-158	-0.01922607421875	-0.0104748074044869	0	0	0.828045045257756
-157	-0.018829345703125	0.0257696145231633	0	0	0.824589302785025
-156	-0.01715087890625	0.00173956042271518	0	0	0.821102514991105
-155	-0.012664794921875	0.00262130465579319	0	0	0.817584813151584
-154	-0.00128173828125	-0.0431261996755233	0	0	0.814036329705948
-153	0.015899658203125	-0.023939010774741	0	0	0.810457198252595
-152	0.029571533203125	0.0585056668343753	0	0	0.806847553543799
-151	0.03582763671875	0.0168067406292374	0	0	0.803207531480645
-150	0.046600341796875	0.0639527365449558	0	0	0.799537269107905
-149	0.058319091796875	0.0728609585043547	0	0	0.795836904608884
-148	0.059906005859375	0.0739210984223185	0	0	0.792106577300212
-147	0.05377197265625	0.0650748699826195	0	0	0.788346427626606
-146	0.0457763671875	0.0603046427577036	0	0	0.784556597155575
-145	0.03338623046875	0.0297840418193586	0	0	0.780737228572094
-144	0.011474609375	0.0213762414398484	0	0	0.776888465673232
-143	-0.0078125	-0.0119159133576223	0	0	0.773010453362737
-142	-0.02386474609375	-0.0368454654503255	0	0	0.76910333764558
-141	-0.035247802734375	-0.0680554711420304	0	0	0.765167265622459
-140	-0.046722412109375	-0.044940950722222	0	0	0.761202385484262
-139	-0.053192138671875	-0.0520962795722	0	0	0.757208846506485
-138	-0.053619384765625	-0.0580262778295138	0	0	0.753186799043612
-137	-0.044677734375	-0.03393248931631	0	0	0.749136394523459
-136	-0.033843994140625	-0.0190247536346665	0	0	0.745057785441466
-135	-0.021728515625	-0.0155123267996373	0	0	0.740951125354959
-134	-0.008636474609375	-0.0645953134450985	0	0	0.73681656887737
-133	0.002899169921875	-0.0188105671775776	0	0	0.732654271672413
-132	0.009857177734375	0.020633237410599	0	0	0.728464390448225
-131	0.016326904296875	0.000220833257334192	0	0	0.724247082951467
-130	0.020477294921875	0.0764913302774597	0	0	0.720002507961382
-129	0.02191162109375	0.0338394735713298	0	0	0.715730825283819
-128	0.020172119140625	0.0245149470590411	0	0	0.711432195745216
-127	0.017791748046875	0.0133849630532989	0	0	0.707106781186547
-126	0.01422119140625	0.00915690123687852	0	0	0.702754744457225
-125	0.01312255859375	0.0392766795482172	0	0	0.698376249408973
-124	0.014404296875	0.0303042976705755	0	0	0.693971460889654
-123	0.015594482421875	0.044562648775578	0	0	0.689540544737067
-122	0.0152587890625	0.0332789510390805	0	0	0.6850836677727
-121	0.013580322265625	0.00888420691998916	0	0	0.680600997795453
-120	0.011871337890625	0.0338121768010086	0	0	0.676092703575316
-119	0.008544921875	-0.00299147139658167	0	0	0.671558954847018
-118	0.004638671875	0.0252847580238907	0	0	0.666999922303637
-117	-0.001922607421875	0.0173316483379007	0	0	0.662415777590172
-116	-0.008697509765625	0.0164613886579865	0	0	0.657806693297079
-115	-0.015411376953125	0.00799249184778892	0	0	0.653172842953777
-114	-0.019622802734375	-0.0143084068128218	0	0	0.648514401022112
-113	-0.0225830078125	-0.0418561840802654	0	0	0.643831542889791
-112	-0.022430419921875	-0.0365190761850008	0	0	0.639124444863776
-111	-0.01885986328125	-0.0198459796191239	0	0	0.634393284163645
-110	-0.01361083984375	-0.0162237555359056	0	0	0.629638238914927
-109	-0.009490966796875	-0.0299407009301738	0	0	0.624859488142386
-108	-0.00396728515625	0.00156401580931567	0	0	0.620057211763289
-107	0.0023193359375	-0.0156743414134425	0	0	0.615231590580627
-106	0.00762939453125	0.00488191836518282	0	0	0.610382806276309
-105	0.010101318359375	-0.0157135335235431	0	0	0.605511041404326
-104	0.01165771484375	0.0185459018182961	0	0	0.600616479383869
-103	0.01068115234375	0.0232827151053633	0	0	0.595699304492433
-102	0.0089111328125	0.00103068244222493	0	0	0.590759701858874
-101	0.00634765625	-0.0016421848116565	0	0	0.585797857456439
-100	0.004364013671875	0.0063144655431466	0	0	0.580813958095765
-99	0.0023193359375	-0.0205169004064897	0	0	0.575808191417845
-98	0.001251220703125	-0.025610635760139	0	0	0.570780745886967
-97	0.000244140625	0.0176688251850849	0	0	0.565731810783613
-96	-0.00030517578125	0.00297909744281476	0	0	0.560661576197336
-95	0.001190185546875	0.00889518934047809	0	0	0.555570233019602
-94	0.003662109375	0.0183892313196107	0	0	0.550457972936605
-93	0.005706787109375	0.0113584413062057	0	0	0.545324988422046
-92	0.004974365234375	0.0247100123389415	0	0	0.540171472729893
-91	0.004302978515625	-0.00302731220261643	0	0	0.534997619887097
-90	0.003631591796875	0.0183730519868748	0	0	0.529803624686295
-89	0.0001220703125	0.0200495454126568	0	0	0.524589682678469
-88	-0.005157470703125	-0.0206375744108348	0	0	0.51935599016559
-87	-0.00860595703125	-0.0316818539464385	0	0	0.514102744193222
-86	-0.01141357421875	0.00874089720985017	0	0	0.508830142543107
-85	-0.0162353515625	0.00536245276758481	0	0	0.503538383725717
-84	-0.019439697265625	-0.0275722324454876	0	0	0.498227666972782
-83	-0.02001953125	-0.00286154818669897	0	0	0.492898192229784
-82	-0.0198974609375	-0.00920563177201384	0	0	0.487550160148436
-81	-0.019378662109375	-0.00267584825157317	0	0	0.482183772079123
-80	-0.01739501953125	-0.0575893740450065	0	0	0.476799230063322
-79	-0.01513671875	0.034838403858292	0	0	0.471396736825998
-78	-0.013031005859375	-0.00951898077436779	0	0	0.465976495767966
-77	-0.0108642578125	-0.0429611889127612	0	0	0.46053871095824
-76	-0.0098876953125	-0.0540435478928712	0	0	0.455083587126344
-75	-0.0091552734375	-0.0281987219694734	0	0	0.449611329654607
-74	-0.007904052734375	-0.0113957748756191	0	0	0.444122144570429
-73	-0.00347900390625	0.0256746869474329	0	0	0.438616238538528
-72	0.006500244140625	0.0269087174456012	0	0	0.433093818853152
-71	0.017242431640625	0.023551507197726	0	0	0.427555093430282
-70	0.023529052734375	0.00329189931414305	0	0	0.4220002707998
-69	0.0303955078125	0.0509650093223793	0	0	0.416429560097637
-68	0.041595458984375	0.0592255548337449	0	0	0.410843171057904
-67	0.048065185546875	0.0491859056067063	0	0	0.40524131400499
-66	0.0479736328125	0.0461880381365094	0	0	0.399624199845647
-65	0.044677734375	0.0604783251805821	0	0	0.393992040061048
-64	0.037689208984375	0.0475254087698085	0	0	0.388345046698826
-63	0.0240478515625	0.0275518834782584	0	0	0.38268343236509
-62	0.008026123046875	0.041406479716522	0	0	0.377007410216418
-61	-0.007476806640625	0.0157730413119528	0	0	0.371317193951837
-60	-0.021881103515625	-0.0425460564268915	0	0	0.365612997804774
-59	-0.03363037109375	-0.00326799963134961	0	0	0.359895036534988
-58	-0.042999267578125	-0.060450790162829	0	0	0.35416352542049
-57	-0.048583984375	-0.051313537259296	0	0	0.348418680249435
-56	-0.04742431640625	-0.0272421991458618	0	0	0.342660717311994
-55	-0.03936767578125	-0.0351534489393389	0	0	0.33688985339222
-54	-0.029144287109375	-0.0406743613248435	0	0	0.331106305759876
-53	-0.017486572265625	-0.0141162732533064	0	0	0.325310292162263
-52	-0.0057373046875	0.00366046633915066	0	0	0.319502030816016
-51	0.004730224609375	-0.0262698470201765	0	0	0.313681740398891
-50	0.013397216796875	0.0278712940989652	0	0	0.307849640041535
-49	0.0196533203125	-0.019229796909592	0	0	0.302005949319228
-48	0.02239990234375	0.0125692132612561	0	0	0.296150888243624
-47	0.022979736328125	0.0105891953834409	0	0	0.290284677254462
-46	0.0211181640625	0.0485584852675243	0	0	0.284407537211272
-45	0.016998291015625	-0.00272751889341533	0	0	0.278519689385053
-44	0.01287841796875	0.020578302323236	0	0	0.272621355449949
-43	0.011138916015625	0.0264552474589544	0	0	0.266712757474898
-42	0.010406494140625	0.00383537175108514	0	0	0.260794117915276
-41	0.009124755859375	0.0138189787395555	0	0	0.254865659604515
-40	0.007659912109375	0.0264616031960967	0	0	0.24892760574572
-39	0.0068359375	0.0365091230740653	0	0	0.242980179903264
-38	0.005462646484375	0.00899498437804634	0	0	0.237023605994367
-37	0.00341796875	0.0132979538035784	0	0	0.231058108280671
-36	0.000823974609375	0.000284191015785962	0	0	0.225083911359793
-35	-0.003143310546875	-0.0366449062948726	0	0	0.21910124015687
-34	-0.00714111328125	-0.0567849075893706	0	0	0.213110319916091
-33	-0.0101318359375	-0.0094891606597909	0	0	0.207111376192219
-32	-0.011749267578125	-0.0277134288406255	0	0	0.201104634842092
-31	-0.01312255859375	-0.0249893896585854	0	0	0.195090322016128
-30	-0.01385498046875	0.00845238193100663	0	0	0.189068664149806
-29	-0.011993408203125	0.00741263270988518	0	0	0.183039887955141
-28	-0.0087890625	-0.00682854370999776	0	0	0.177004220412149
-27	-0.005767822265625	-0.0453892921088438	0	0	0.170961888760301
-26	-0.0029296875	0.0307270656641211	0	0	0.16491312048997
-25	0.0018310546875	0.0446388321344261	0	0	0.158858143333861
-24	0.0062255859375	0.0253163650021119	0	0	0.152797185258443
-23	0.00799560546875	0.00572544667414792	0	0	0.146730474455362
-22	0.008514404296875	1.43377057700619e-05	0	0	0.140658239332849
-21	0.00994873046875	-0.00223103980137988	0	0	0.134580708507126
-20	0.009918212890625	-0.0281520978064791	0	0	0.128498110793793
-19	0.00830078125	0.0172187501911983	0	0	0.122410675199216
-18	0.006103515625	-0.0211216583246827	0	0	0.116318630911905
-17	0.003570556640625	0.00579166631744406	0	0	0.110222207293883
-16	0.001068115234375	0.0104751722215417	0	0	0.104121633872055
-15	-0.000762939453125	0.0212719206223811	0	0	0.0980171403295606
-14	-0.00225830078125	0.0406361723674003	0	0	0.0919089564971328
-13	-0.004058837890625	-0.025081548319963	0	0	0.08579731234444
-12	-0.005279541015625	-0.0172230083696159	0	0	0.07968243797143
-11	-0.006134033203125	0.00188823695402479	0	0	0.0735645635996673
-10	-0.00775146484375	-0.0113893900770065	0	0	0.0674439195636641
-9	-0.009674072265625	0.0111090499731657	0	0	0.0613207363022087
-8	-0.010009765625	-0.011831130053726	0	0	0.0551952443496899
-7	-0.010986328125	-0.0293085766688027	0	0	0.0490676743274178
-6	-0.012969970703125	-0.0277721348915397	0	0	0.0429382569349409
-5	-0.0152587890625	-0.0345893874448741	0	0	0.0368072229413589
-4	-0.016876220703125	-0.027554846160141	0	0	0.0306748031766369
-3	-0.018768310546875	-0.0105067297028029	0	0	0.0245412285229122
-2	-0.020050048828125	-0.013422499067242	0	0	0.0184067299058042
-1	-0.021575927734375	-0.012104036401053	0	0	0.0122715382857193
0	-0.0220947265625	-0.0234868701526569	0	0	0.00613588464915602
